height,timestamp
779078,1677823553
779079,1677823796
779080,1677825306
779081,1677825749
779082,1677826165
779083,1677826497
779084,1677826772
779085,1677826881
779086,1677827178
779087,1677827972
779088,1677828190
779089,1677829416
779090,1677829436
779091,1677829960
779092,1677831727
779093,1677832394
779094,1677832411
779095,1677834466
779096,1677835065
779097,1677835528
779098,1677835586
779099,1677835636
779100,1677835775
779101,1677836050
779102,1677837875
779103,1677838895
779104,1677839961
779105,1677840541
779106,1677840582
779107,1677841385
779108,1677841576
779109,1677841935
779110,1677843193
779111,1677843299
779112,1677843648
779113,1677844004
779114,1677844542
779115,1677844733
779116,1677844975
779117,1677845299
779118,1677846883
779119,1677847909
779120,1677850237
779121,1677850535
779122,1677850995
779123,1677851154
779124,1677851363
779125,1677852480
779126,1677852795
779127,1677854127
779128,1677855519
779129,1677855722
779130,1677855991
779131,1677856056
779132,1677857022
779133,1677858229
779134,1677858306
779135,1677858711
779136,1677858947
779137,1677859766
779138,1677860110
779139,1677860800
779140,1677861294
779141,1677861375
779142,1677861942
779143,1677861962
779144,1677862644
779145,1677862875
779146,1677863039
779147,1677863106
779148,1677863657
779149,1677863985
779150,1677863999
779151,1677864143
779152,1677864420
779153,1677864748
779154,1677866093
779155,1677867044
779156,1677867653
779157,1677868426
779158,1677869261
779159,1677869687
779160,1677869782
779161,1677869848
779162,1677870140
779163,1677870208
779164,1677870955
779165,1677871101
779166,1677871351
779167,1677871754
779168,1677872464
779169,1677872573
779170,1677875238
779171,1677876535
779172,1677877212
779173,1677877343
779174,1677877876
779175,1677878243
779176,1677878291
779177,1677878296
779178,1677878417
779179,1677879028
779180,1677879695
779181,1677880069
779182,1677880193
779183,1677880230
779184,1677880409
779185,1677881115
779186,1677881710
779187,1677882068
779188,1677882273
779189,1677882928
779190,1677883036
779191,1677883497
779192,1677883516
779193,1677884859
779194,1677885316
779195,1677885590
779196,1677886336
779197,1677886776
779198,1677887321
779199,1677887441
779200,1677887463
779201,1677887763
779202,1677887868
779203,1677887908
779204,1677888684
779205,1677888708
779206,1677890214
779207,1677890554
779208,1677891310
779209,1677891387
779210,1677891720
779211,1677893854
779212,1677894334
779213,1677895046
779214,1677897499
779215,1677898058
779216,1677898317
779217,1677898774
779218,1677898949
779219,1677899144
779220,1677901155
779221,1677901210
779222,1677901313
779223,1677901797
779224,1677902054
779225,1677903216
779226,1677903386
779227,1677903626
779228,1677903754
779229,1677905369
779230,1677905707
779231,1677906464
779232,1677906835
779233,1677907473
779234,1677908045
779235,1677908380
779236,1677908549
779237,1677908627
